RMSE,R_2
0.8605228150774584,0.7849270021080978
