RMSE,R_2
0.6891131618682335,0.880566977523013
