RMSE,R_2
0.8705157066761221,0.7503698328336659
