RMSE,R_2
0.7137970853804735,0.8626535818974201
