RMSE,R_2
0.6975450621104817,0.8810842342727017
