RMSE,R_2
0.9052064811731132,0.738967373974206
