RMSE,R_2
0.7274494443226512,0.8652357514738536
