RMSE,R_2
0.9333483612122497,0.679713036276494
