RMSE,R_2
0.8691184514190282,0.7659534477678758
