RMSE,R_2
0.9012210858558678,0.7502955664292937
