RMSE,R_2
0.6699865419768903,0.8833761280332104
