RMSE,R_2
0.6898620858903838,0.8797537008093724
