RMSE,R_2
0.7222360126289874,0.8423378087280002
