RMSE,R_2
0.8837929538833034,0.7348217317255974
