RMSE,R_2
0.6568161855244861,0.8912924473228131
