RMSE,R_2
0.8676411927010629,0.7538466793941321
